{
    "accuracy_mean": 0.5494969165855241,
    "accuracy_std": 0.20194386199211142,
    "precision_micro_mean": 0.5494969165855241,
    "precision_micro_std": 0.20194386199211142,
    "precision_macro_mean": 0.5961165199732534,
    "precision_macro_std": 0.20298204915876528,
    "recall_micro_mean": 0.5494969165855241,
    "recall_micro_std": 0.20194386199211142,
    "recall_macro_mean": 0.5385167047503825,
    "recall_macro_std": 0.20726376029054513,
    "execution_time_mean": 1516.7849819660187,
    "execution_time_std": 111.85562620350156,
    "all_accuracies": [
        0.24699772801038625,
        0.4089581304771178,
        0.5705939629990263,
        0.7205452775073028,
        0.8003894839337877
    ],
    "all_execution_times": [
        1733.8335819244385,
        1503.887306213379,
        1455.6219069957733,
        1470.9647455215454,
        1419.6173691749573
    ]
}